<?xml version="1.0" encoding="utf-8"?>
<!DOCTYPE hibernate-mapping PUBLIC "-//Hibernate/Hibernate Mapping DTD 3.0//EN"
"http://hibernate.sourceforge.net/hibernate-mapping-3.0.dtd">
<!-- 
    Mapping file autogenerated by MyEclipse Persistence Tools
-->
<hibernate-mapping>
    <class name="com.entity.AccountingSubject" table="accounting_subject" catalog="zdh_pzgl">
        <id name="id" type="java.lang.String">
            <column name="id" />
            <generator class="uuid"></generator>
        </id>
        <property name="SNo" type="java.lang.String">
            <column name="sNo" not-null="true">
                <comment>科目编号</comment>
            </column>
        </property>
        <property name="SName" type="java.lang.String">
            <column name="sName" not-null="true">
                <comment>科目名称</comment>
            </column>
        </property>
        <property name="SType" type="java.lang.String">
            <column name="sType">
                <comment>科目类型（要素）</comment>
            </column>
        </property>
        <property name="SLevel" type="java.lang.String">
            <column name="sLevel">
                <comment>科目级别</comment>
            </column>
        </property>
        <property name="SHigherLevelNo" type="java.lang.String">
            <column name="sHigherLevelNo">
                <comment>上级编码</comment>
            </column>
        </property>
        <property name="SIsLastLevel" type="java.lang.String">
            <column name="sIsLastLevel">
                <comment>是否末级</comment>
            </column>
        </property>
        <property name="aisAccunting" type="java.lang.String">
            <column name="aIsAccunting">
                <comment>是否为项目核算</comment>
            </column>
        </property>
        <property name="pno" type="java.lang.String">
            <column name="pNo">
                <comment>项目编码</comment>
            </column>
        </property>
        <property name="amnemonts" type="java.lang.String">
            <column name="aMnemonts">
                <comment>助记码</comment>
            </column>
        </property>
        <property name="acurrecy" type="java.lang.String">
            <column name="aCurrecy">
                <comment>币种</comment>
            </column>
        </property>
        <property name="aunit" type="java.lang.String">
            <column name="aUnit">
                <comment>计量单位</comment>
            </column>
        </property>
        <property name="aauxiliaryType" type="java.lang.String">
            <column name="aAuxiliaryType">
                <comment>辅助帐类型</comment>
            </column>
        </property>
        <property name="abalanceDirection" type="java.lang.String">
            <column name="aBalanceDirection">
                <comment>余额方向</comment>
            </column>
        </property>
        <property name="afolloFormat" type="java.lang.String">
            <column name="aFolloFormat">
                <comment>账页格式</comment>
            </column>
        </property>
        <property name="aremarks" type="java.lang.String">
            <column name="aRemarks">
                <comment>备注</comment>
            </column>
        </property>
        
        <property name="isfeature" type="java.lang.String">
            <column name="isfeature">
                <comment>功能科目</comment>
            </column>
        </property>
        <property name="iseconomics" type="java.lang.String">
            <column name="iseconomics">
                <comment>经济科目</comment>
            </column>
        </property>

        
        <property name="vCostKeeping" type="java.lang.String">
            <column name="V_Cost_Keeping">
                <comment>成本核算科目</comment>
            </column>
        </property>
        <property name="vControlledSubject" type="java.lang.String">
            <column name="V_Controlled_Subject">
                <comment>受控科目</comment>
            </column>
        </property>
        <property name="vCashFlow" type="java.lang.String">
            <column name="V_Cash_Flow">
                <comment>现金流量科目</comment>
            </column>
        </property>
        <property name="vTaxcontrolAccounting" type="java.lang.String">
            <column name="V_Taxcontrol_Accounting">
                <comment>税控核算科目</comment>
            </column>
        </property>
        <property name="vKtxx" type="java.lang.String">
            <column name="V_KTXX">
                <comment>课题信息</comment>
            </column>
        </property>
        <property name="vXmxx" type="java.lang.String">
            <column name="V_XMXX">
                <comment>项目信息</comment>
            </column>
        </property>
        <property name="vYwhd" type="java.lang.String">
            <column name="V_YWHD">
                <comment>业务活动</comment>
            </column>
        </property>
        <property name="vCzyskm" type="java.lang.String">
            <column name="V_Czyskm">
                <comment>财政预算科目</comment>
            </column>
        </property>
    </class>
</hibernate-mapping>
