<?xml version="1.0" encoding="utf-8"?>
<!DOCTYPE hibernate-mapping PUBLIC "-//Hibernate/Hibernate Mapping DTD 3.0//EN"
"http://hibernate.sourceforge.net/hibernate-mapping-3.0.dtd">

<hibernate-mapping>
    <class name="com.entity.AccountTitle" table="account_title" catalog="zdh_pzgl">
        <id name="aId" type="java.lang.String">
            <column name="AID" />
            <generator class="uuid"></generator>
        </id>
        <property name="id" type="java.lang.String">
            <column name="ID">
                <comment>ID</comment>
            </column>
        </property>
        <property name="pId" type="java.lang.String">
            <column name="P_ID">
                <comment>父节点ID</comment>
            </column>
        </property>
        <property name="name" type="java.lang.String">
            <column name="NAME">
                <comment>节点名称</comment>
            </column>
        </property>
        
    </class>
</hibernate-mapping>