<?xml version="1.0" encoding="utf-8"?>
<!DOCTYPE hibernate-mapping PUBLIC "-//Hibernate/Hibernate Mapping DTD 3.0//EN"
"http://hibernate.sourceforge.net/hibernate-mapping-3.0.dtd">
<!-- 
    Mapping file autogenerated by MyEclipse Persistence Tools
-->
<hibernate-mapping>
    <class name="com.entity.Budget" table="budget" catalog="zdh_pzgl">
        <id name="id" type="java.lang.String">
            <column name="ID" length="50" />
            <generator class="uuid"></generator>
        </id>
        <property name="BProjectNo" type="java.lang.String">
            <column name="B_PROJECT_NO">
                <comment>项目编号</comment>
            </column>
        </property>
        <property name="BProjectName" type="java.lang.String">
            <column name="B_PROJECT_NAME">
                <comment>项目名称</comment>
            </column>
        </property>
        <property name="BProjectId" type="java.lang.String">
            <column name="B_PROJECT_ID">
                <comment>项目ID</comment>
            </column>
        </property>
        <property name="BDetailed" type="java.lang.String">
            <column name="B_DETAILED">
                <comment>项目经费预算明细</comment>
            </column>
        </property>
        <property name="BRemarks" type="java.lang.String">
            <column name="B_REMARKS">
                <comment>备注</comment>
            </column>
        </property>
    </class>
</hibernate-mapping>
