<?xml version="1.0" encoding="UTF-8"?>
<!DOCTYPE hibernate-mapping PUBLIC "-//Hibernate/Hibernate Mapping DTD 3.0//EN"
"http://hibernate.sourceforge.net/hibernate-mapping-3.0.dtd">

<hibernate-mapping>
    <class name="com.entity.Budgetary" table="budgetary" catalog="zdh_pzgl">
        <id name="id" type="java.lang.String">
            <column name="ID" length="50" />		
            <generator class="uuid"></generator>
        </id>
        <property name="project" type="java.lang.String">
            <column name="PROJECT">
                <comment>项目</comment>
            </column>
        </property>
        <property name="thisYear" type="java.lang.String">
            <column name="THIS_YEAR">
                <comment>本年数</comment>
            </column>
        </property>
        <property name="lastYear" type="java.lang.String">
            <column name="LAST_YEAR">
                <comment>上年数</comment>
            </column>
        </property>
        <property name="time" type="java.lang.String">
            <column name="TIME">
                <comment>时间</comment>
            </column>
        </property>
         <property name="orderId" type="java.lang.Integer">
            <column name="ORDER_ID">
                <comment>显示排序</comment>
            </column>
        </property>
         <property name="direction" type="java.lang.String">
            <column name="DIRECTION">
                <comment>发生额方向</comment>
            </column>
        </property>
         <property name="level" type="java.lang.String">
            <column name="LEVEL">
                <comment>级别</comment>
            </column>
        </property>
         <property name="formula" type="java.lang.String">
            <column name="FORMULA">
                <comment>计算公式</comment>
            </column>
        </property>
    </class>
</hibernate-mapping>