<?xml version="1.0" encoding="utf-8"?>
<!DOCTYPE hibernate-mapping PUBLIC "-//Hibernate/Hibernate Mapping DTD 3.0//EN"
"http://hibernate.sourceforge.net/hibernate-mapping-3.0.dtd">
<!-- 
    Mapping file autogenerated by MyEclipse Persistence Tools
-->
<hibernate-mapping>
    <class name="com.entity.BudgetSubject" table="budget_subject" catalog="zdh_pzgl">
        <id name="id" type="java.lang.String">
            <column name="id" />
            <generator class="uuid"></generator>
        </id>
        <property name="SNo" type="java.lang.String">
            <column name="sNo" not-null="true">
                <comment>科目编号</comment>
            </column>
        </property>
        <property name="SName" type="java.lang.String">
            <column name="sName" not-null="true">
                <comment>科目名称</comment>
            </column>
        </property>
        <property name="SType" type="java.lang.String">
            <column name="sType">
                <comment>科目类型（要素）</comment>
            </column>
        </property>
        <property name="SLevel" type="java.lang.String">
            <column name="sLevel">
                <comment>科目级别</comment>
            </column>
        </property>
        <property name="SHigherLevelNo" type="java.lang.String">
            <column name="sHigherLevelNo">
                <comment>上级编码</comment>
            </column>
        </property>
        <property name="SIsLastLevel" type="java.lang.String">
            <column name="sIsLastLevel">
                <comment>是否末级</comment>
            </column>
        </property>
        <property name="bisAccunting" type="java.lang.String">
            <column name="bIsAccunting">
                <comment>是否为项目核算</comment>
            </column>
        </property>
        <property name="pno" type="java.lang.String">
            <column name="pNo">
                <comment>项目编码</comment>
            </column>
        </property>
        <property name="bmnemonts" type="java.lang.String">
            <column name="bMnemonts">
                <comment>助记码</comment>
            </column>
        </property>
        <property name="bcurrecy" type="java.lang.String">
            <column name="bCurrecy">
                <comment>币种</comment>
            </column>
        </property>
        <property name="bunit" type="java.lang.String">
            <column name="bUnit">
                <comment>计量单位</comment>
            </column>
        </property>
        <property name="bauxiliaryType" type="java.lang.String">
            <column name="bAuxiliaryType">
                <comment>辅助帐类型</comment>
            </column>
        </property>
        <property name="bbalanceDirection" type="java.lang.String">
            <column name="bBalanceDirection">
                <comment>余额方向</comment>
            </column>
        </property>
        <property name="bfolloFormat" type="java.lang.String">
            <column name="bFolloFormat">
                <comment>账页格式</comment>
            </column>
        </property>
        <property name="bremarks" type="java.lang.String">
            <column name="bRemarks">
                <comment>备注</comment>
            </column>
        </property>
        
        <property name="isfeature" type="java.lang.String">
            <column name="isfeature">
                <comment>功能科目</comment>
            </column>
        </property>
        <property name="iseconomics" type="java.lang.String">
            <column name="iseconomics">
                <comment>经济科目</comment>
            </column>
        </property>
        
        <property name="bCostKeeping" type="java.lang.String">
            <column name="bCostKeeping">
                <comment>成本核算科目</comment>
            </column>
        </property>
        <property name="bControlledSubject" type="java.lang.String">
            <column name="bControlledSubject">
                <comment>受控科目</comment>
            </column>
        </property>
        <property name="bCashFlow" type="java.lang.String">
            <column name="bCashFlow">
                <comment>现金流量科目</comment>
            </column>
        </property>
        <property name="bTaxcontrolAccounting" type="java.lang.String">
            <column name="bTaxcontrolAccounting">
                <comment>税控核算科目</comment>
            </column>
        </property>
        <property name="bKtxx" type="java.lang.String">
            <column name="bKtxx">
                <comment>课题信息</comment>
            </column>
        </property>
        <property name="bXmxx" type="java.lang.String">
            <column name="bXmxx">
                <comment>项目信息</comment>
            </column>
        </property>
        <property name="bYwhd" type="java.lang.String">
            <column name="bYwhd">
                <comment>业务活动</comment>
            </column>
        </property>
        <property name="bCzyskm" type="java.lang.String">
            <column name="bCzyskm">
                <comment>财政预算科目</comment>
            </column>
        </property>
    </class>
</hibernate-mapping>
