<?xml version="1.0" encoding="utf-8"?>
<!DOCTYPE hibernate-mapping PUBLIC "-//Hibernate/Hibernate Mapping DTD 3.0//EN"
"http://hibernate.sourceforge.net/hibernate-mapping-3.0.dtd">
<!-- 
    Mapping file autogenerated by MyEclipse Persistence Tools
-->
<hibernate-mapping>
    <class name="com.entity.BudgetVoucher" table="budget_voucher" catalog="zdh_pzgl">
        <id name="id" type="java.lang.String">
            <column name="ID" length="50" />
            <generator class="uuid"></generator>
        </id>
        <property name="VType" type="java.lang.String">
            <column name="V_TYPE">
                <comment>凭证类型 1:收款凭证 2:付款凭证 3:转账凭证</comment>
            </column>
        </property>
        <property name="VNo" type="java.lang.String">
            <column name="V_NO">
                <comment>凭证编号</comment>
            </column>
        </property>
        <property name="VDate" type="java.lang.String">
            <column name="V_DATE">
                <comment>凭证日期</comment>
            </column>
        </property>
        <property name="VAbstract" type="java.lang.String">
            <column name="V_ABSTRACT">
                <comment>摘要 经济业务内容</comment>
            </column>
        </property>
        <property name="VDebitAmount" type="java.lang.String">
            <column name="V_DEBIT_AMOUNT">
                <comment>借方金额</comment>
            </column>
        </property>
        <property name="VCreditAmount" type="java.lang.String">
            <column name="V_CREDIT_AMOUNT">
                <comment>贷方金额</comment>
            </column>
        </property>
        <property name="VHandleId" type="java.lang.String">
            <column name="V_HANDLE_ID">
                <comment>经手人ID</comment>
            </column>
        </property>
        <property name="VHandleName" type="java.lang.String">
            <column name="V_HANDLE_NAME">
                <comment>经手人姓名</comment>
            </column>
        </property>
        <property name="VReviewId" type="java.lang.String">
            <column name="V_REVIEW_ID">
                <comment>审核人ID</comment>
            </column>
        </property>
        <property name="VReviewName" type="java.lang.String">
            <column name="V_REVIEW_NAME">
                <comment>审核人姓名</comment>
            </column>
        </property>
        <property name="VReviewDate" type="java.lang.String">
            <column name="V_REVIEW_DATE">
                <comment>审核时间</comment>
            </column>
        </property>
        <property name="VState" type="java.lang.String">
            <column name="V_STATE">
                <comment>状态 0：未审核 1：已审核 2：已作废</comment>
            </column>
        </property>
        <property name="VAccountingPeriod" type="java.lang.String">
            <column name="V_ACCOUNTING_PERIOD">
                <comment>会计期间</comment>
            </column>
        </property>
        <property name="VAccountInformation" type="java.lang.String">
            <column name="V_ACCOUNT_INFORMATION">
                <comment>账户信息</comment>
            </column>
        </property>
        <property name="VFinancialManager" type="java.lang.String">
            <column name="V_FINANCIAL_MANAGER">
                <comment>财务负责人</comment>
            </column>
        </property>
        <property name="VCashier" type="java.lang.String">
            <column name="V_CASHIER">
                <comment>出纳</comment>
            </column>
        </property>
        <property name="VCertificate" type="java.lang.String">
            <column name="V_CERTIFICATE">
                <comment>制证</comment>
            </column>
        </property>
        <property name="VFounder" type="java.lang.String">
            <column name="V_FOUNDER">
                <comment>创建人名称</comment>
            </column>
        </property>
        <property name="VFounderId" type="java.lang.String">
            <column name="V_FOUNDER_ID">
                <comment>创建人ID</comment>
            </column>
        </property>
        <property name="VBookkeeping" type="java.lang.String">
            <column name="V_BOOKKEEPING">
                <comment>记账</comment>
            </column>
        </property>
        <property name="VUpdateTime" type="java.lang.String">
            <column name="V_UPDATE_TIME">
                <comment>更新日期</comment>
            </column>
        </property>
        <property name="VUpdatePerson" type="java.lang.String">
            <column name="V_UPDATE_PERSON">
                <comment>更新人</comment>
            </column>
        </property>
        <property name="VFillingCompanyName" type="java.lang.String">
            <column name="V_FILLING_COMPANY_NAME">
                <comment>填制单位名称</comment>
            </column>
        </property>
        <property name="VOriginalNum" type="java.lang.String">
            <column name="V_ORIGINAL_NUM">
                <comment>所付原始凭证张数</comment>
            </column>
        </property>
        <property name="VUpdateNameId" type="java.lang.String">
            <column name="V_UPDATE_NAME_ID">
                <comment>更新人ID</comment>
            </column>
        </property>
        <property name="VIsAccounting" type="java.lang.String">
            <column name="V_IS_ACCOUNTING">
                <comment>是否为项目核算</comment>
            </column>
        </property>
        <property name="PId" type="java.lang.String">
            <column name="P_ID">
                <comment>项目id</comment>
            </column>
        </property>
        
          <!-- 后来增加字段删除之前的表的科目id -->
        <property name="SNo" type="java.lang.String">
            <column name="S_NO">
                <comment>科目编号</comment>
            </column>
        </property>
        
        <property name="SName" type="java.lang.String">
            <column name="S_NAME">
                <comment>科目名称</comment>
            </column>
        </property>
        
        <property name="TNo" type="java.lang.String">
            <column name="T_NO">
                <comment>课题编号</comment>
            </column>
        </property>
        
         <property name="TName" type="java.lang.String">
            <column name="T_NAME">
                <comment>课题名称</comment>
            </column>
        </property>
        
        <property name="TOrganization" type="java.lang.String">
            <column name="T_ORGANIZATION">
                <comment>所属部门/组织</comment>
            </column>
        </property>
        
        <property name="TFundsSources" type="java.lang.String">
            <column name="T_FUNDS_SOURCES">
                <comment>资金来源</comment>
            </column>
        </property>
                <!-- 最后一次修改的字段 -->
        <property name="VCapitalProperty" type="java.lang.String">
            <column name="V_Capital_Property">
                <comment>资金性质</comment>
            </column>
        </property>
        <property name="VEconomic" type="java.lang.String">
            <column name="V_Economic">
                <comment>经济分类</comment>
            </column>
        </property>
        <property name="VFunctional" type="java.lang.String">
            <column name="V_Functional">
                <comment>功能分类</comment>
            </column>
        </property>
        <property name="VBudgetItems" type="java.lang.String">
            <column name="V_Budget_Items">
                <comment>预算科目</comment>
            </column>
        </property>
        <property name="VReimbursement" type="java.lang.String">
            <column name="V_Reimbursement">
                <comment>报销人</comment>
            </column>
        </property>
        
        <property name="VRemarks" type="java.lang.String">
            <column name="V_REMARKS">
                <comment>备注</comment>
            </column>
        </property>
        <property name="VStatus" type="java.lang.Integer">
            <column name="V_STATUS">
                <comment>备注</comment>
            </column>
        </property>
    </class>
</hibernate-mapping>
