<?xml version="1.0" encoding="utf-8"?>
<!DOCTYPE hibernate-mapping PUBLIC "-//Hibernate/Hibernate Mapping DTD 3.0//EN"
"http://hibernate.sourceforge.net/hibernate-mapping-3.0.dtd">
<!-- 
    Mapping file autogenerated by MyEclipse Persistence Tools
-->
<hibernate-mapping>
    <class name="com.entity.Department" table="department" catalog="zdh_pzgl">
        <id name="id" type="java.lang.String">
            <column name="ID" length="50" />
            <generator class="uuid"></generator>
        </id>
        <property name="CName" type="java.lang.String">
            <column name="C_NAME">
                <comment>单位名称</comment>
            </column>
        </property>
        <property name="CAddress" type="java.lang.String">
            <column name="C_ADDRESS">
                <comment>单位地址</comment>
            </column>
        </property>
        <property name="CPhone" type="java.lang.String">
            <column name="C_PHONE">
                <comment>单位电话</comment>
            </column>
        </property>
        <property name="CCreateTime" type="java.lang.String">
            <column name="C_CREATE_TIME">
                <comment>成立时间</comment>
            </column>
        </property>
        <property name="CPrincipal" type="java.lang.String">
            <column name="C_PRINCIPAL">
                <comment>单位负责人</comment>
            </column>
        </property>
        <property name="CDescription" type="java.lang.String">
            <column name="C_DESCRIPTION">
                <comment>单位描述</comment>
            </column>
        </property>
        <property name="CAbbreviation" type="java.lang.String">
            <column name="C_ABBREVIATION">
                <comment>单位简称</comment>
            </column>
        </property>
        <property name="CRemarks" type="java.lang.String">
            <column name="C_REMARKS">
                <comment>备注</comment>
            </column>
        </property>
    </class>
</hibernate-mapping>
