<?xml version="1.0" encoding="utf-8"?>
<!DOCTYPE hibernate-mapping PUBLIC "-//Hibernate/Hibernate Mapping DTD 3.0//EN"
"http://hibernate.sourceforge.net/hibernate-mapping-3.0.dtd">
<!-- 
    Mapping file autogenerated by MyEclipse Persistence Tools
-->
<hibernate-mapping>
    <class name="com.entity.DocumentConversion" table="Document_Conversion" catalog="zdh_pzgl">
        <id name="id" type="java.lang.String">
            <column name="ID" length="50" />
            <generator class="uuid"></generator>
        </id>
        <property name="vId" type="java.lang.String">
            <column name="vId">
                <comment>凭证号</comment>
            </column>
        </property>
        <property name="dDate" type="java.lang.String">
            <column name="dDate">
                <comment>日期</comment>
            </column>
        </property>
        <property name="dPeriodName" type="java.lang.String">
            <column name="dPeriodName">
                <comment>期间名称</comment>
            </column>
        </property>
        <property name="debitAmount" type="java.lang.String">
            <column name="debit_amount">
                <comment>借方金额</comment>
            </column>
        </property>
        <property name="creditAmount" type="java.lang.String">
            <column name="credit_amount">
                <comment>贷方金额</comment>
            </column>
        </property>
        <property name="dBrokerage" type="java.lang.String">
            <column name="dBrokerage">
                <comment>经手人</comment>
            </column>
        </property>
        <property name="dCheckNo" type="java.lang.String">
            <column name="dCheckNo">
                <comment>支票号</comment>
            </column>
        </property>
        <property name="dWarehouse" type="java.lang.String">
            <column name="dWarehouse">
                <comment>入库单号</comment>
            </column>
        </property>
        <property name="dSingleMan" type="java.lang.String">
            <column name="dSingleMan">
                <comment>制单人</comment>
            </column>
        </property>
        <property name="sixSubjectName" type="java.lang.String">
            <column name="six_subject_name">
                <comment>六级科目名称</comment>
            </column>
        </property>
        <property name="dTopicName" type="java.lang.String">
            <column name="dTopicName">
                <comment>课题段名称</comment>
            </column>
        </property>
        <property name="dTopicNo" type="java.lang.String">
            <column name="dTopicNo">
                <comment>课题段代码</comment>
            </column>
        </property>
    </class>
</hibernate-mapping>
