<?xml version="1.0" encoding="utf-8"?>
<!DOCTYPE hibernate-mapping PUBLIC "-//Hibernate/Hibernate Mapping DTD 3.0//EN"
"http://hibernate.sourceforge.net/hibernate-mapping-3.0.dtd">
<!-- 
    Mapping file autogenerated by MyEclipse Persistence Tools
-->
<hibernate-mapping>
    <class name="com.entity.NewSubject" table="new_subject" catalog="zdh_pzgl">
        <id name="id" type="java.lang.String">
            <column name="ID" length="50" />
            <generator class="uuid"></generator>
        </id>
        <property name="SNo" type="java.lang.String">
            <column name="S_NO" unique="true">
                <comment>科目编号</comment>
            </column>
        </property>
        <property name="SName" type="java.lang.String">
            <column name="S_NAME">
                <comment>科目名称</comment>
            </column>
        </property>
        <property name="SType" type="java.lang.String">
            <column name="S_TYPE">
                <comment>科目类型</comment>
            </column>
        </property>
        <property name="SCategory" type="java.lang.String">
            <column name="S_CATEGORY">
                <comment>科目类别(1：财务 2：预算)</comment>
            </column>
        </property>
        <property name="SLevel" type="java.lang.String">
            <column name="S_LEVEL">
                <comment>科目级次</comment>
            </column>
        </property>
        <property name="SHigherLevelNo" type="java.lang.String">
            <column name="S_HIGHER_LEVEL_NO">
                <comment>上级编码</comment>
            </column>
        </property>
        <property name="SIsLastLevel" type="java.lang.String">
            <column name="S_IS_LAST_LEVEL">
                <comment>是否末级</comment>
            </column>
        </property>
        <property name="SIsAccpunting" type="java.lang.String">
            <column name="S_IS_ACCPUNTING">
                <comment>是否为项目核算</comment>
            </column>
        </property>
        <property name="PNo" type="java.lang.String">
            <column name="P_NO">
                <comment>项目编码</comment>
            </column>
        </property>
        <property name="SMnemonic" type="java.lang.String">
            <column name="S_MNEMONIC">
                <comment>助记码</comment>
            </column>
        </property>
        <property name="SCurrency" type="java.lang.String">
            <column name="S_CURRENCY">
                <comment>币种</comment>
            </column>
        </property>
        <property name="SUnit" type="java.lang.String">
            <column name="S_UNIT">
                <comment>计量单位</comment>
            </column>
        </property>
        <property name="SAuxiliaryType" type="java.lang.String">
            <column name="S_AUXILIARY_TYPE">
                <comment>辅助帐类型</comment>
            </column>
        </property>
        <property name="SBalanceDirection" type="java.lang.String">
            <column name="S_BALANCE_DIRECTION">
                <comment>余额方向</comment>
            </column>
        </property>
        <property name="SFolioFormat" type="java.lang.String">
            <column name="S_FOLIO_FORMAT">
                <comment>帐页格式</comment>
            </column>
        </property>
        <property name="SRemarks" type="java.lang.String">
            <column name="S_REMARKS">
                <comment>备注</comment>
            </column>
        </property>
    </class>
</hibernate-mapping>
