<?xml version="1.0" encoding="utf-8"?>
<!DOCTYPE hibernate-mapping PUBLIC "-//Hibernate/Hibernate Mapping DTD 3.0//EN"
"http://hibernate.sourceforge.net/hibernate-mapping-3.0.dtd">
<!-- 
    Mapping file autogenerated by MyEclipse Persistence Tools
-->
<hibernate-mapping>
    <class name="com.entity.PaySubject" table="pay_subject" catalog="zdh_pzgl">
        <id name="id" type="java.lang.String">
            <column name="id" />
            <generator class="uuid"></generator>
        </id>
        <property name="num" type="java.lang.String">
            <column name="num">
                <comment>科目编码</comment>
            </column>
        </property>
        <property name="name" type="java.lang.String">
            <column name="name">
                <comment>科目名称</comment>
            </column>
        </property>
        <property name="type" type="java.lang.String">
            <column name="type">
                <comment>类型</comment>
            </column>
        </property>
        <property name="leadersNum" type="java.lang.String">
            <column name="leadersNum">
                <comment>上级编码</comment>
            </column>
        </property>
    </class>
</hibernate-mapping>
