<?xml version="1.0" encoding="utf-8"?>
<!DOCTYPE hibernate-mapping PUBLIC "-//Hibernate/Hibernate Mapping DTD 3.0//EN"
"http://hibernate.sourceforge.net/hibernate-mapping-3.0.dtd">
<!-- 
    Mapping file autogenerated by MyEclipse Persistence Tools
-->
<hibernate-mapping>
    <class name="com.entity.Person" table="person" catalog="zdh_pzgl">
        <id name="id" type="java.lang.String">
            <column name="ID" length="50" />
            <generator class="uuid"></generator>
        </id>
        <property name="PName" type="java.lang.String">
            <column name="P_NAME">
                <comment>姓名</comment>
            </column>
        </property>
        <property name="PLoginName" type="java.lang.String">
            <column name="P_LOGIN_NAME" unique="true">
                <comment>用户名（登录名）</comment>
            </column>
        </property>
        <property name="PPassword" type="java.lang.String">
            <column name="P_PASSWORD">
                <comment>密码</comment>
            </column>
        </property>
        <property name="PPosition" type="java.lang.String">
            <column name="P_POSITION">
                <comment>职位/务</comment>
            </column>
        </property>
        <property name="PSex" type="java.lang.String">
            <column name="P_SEX">
                <comment>性别</comment>
            </column>
        </property>
        <property name="PMobile" type="java.lang.String">
            <column name="P_MOBILE">
                <comment>电话</comment>
            </column>
        </property>
        <property name="CId" type="java.lang.String">
            <column name="C_ID">
                <comment>单位ID</comment>
            </column>
        </property>
        <property name="DId" type="java.lang.String">
            <column name="D_ID">
                <comment>部门ID</comment>
            </column>
        </property>
        <property name="PState" type="java.lang.String">
            <column name="P_STATE">
                <comment>状态 0：在职 1：离职</comment>
            </column>
        </property>
        <property name="PEmail" type="java.lang.String">
            <column name="P_EMAIL">
                <comment>邮箱</comment>
            </column>
        </property>
        <property name="PCreateTime" type="java.lang.String">
            <column name="P_CREATE_TIME">
                <comment>创建时间</comment>
            </column>
        </property>
        <property name="PIsdelete" type="java.lang.String">
            <column name="P_ISDELETE">
                <comment>是否删除</comment>
            </column>
        </property>
        <property name="PEntryTime" type="java.lang.String">
            <column name="P_ENTRY_TIME">
                <comment>入职时间</comment>
            </column>
        </property>
        <property name="PUpdateTime" type="java.lang.String">
            <column name="P_UPDATE_TIME">
                <comment>修改时间</comment>
            </column>
        </property>
        <!-- <property name="PEntryTime" type="java.sql.Timestamp">
            <column name="P_ENTRY_TIME" length="19">
                <comment>入职时间</comment>
            </column>
        </property>
        <property name="PUpdateTime" type="java.sql.Timestamp">
            <column name="P_UPDATE_TIME" length="19">
                <comment>修改时间</comment>
            </column>
        </property> -->
        <property name="PRemarks" type="java.lang.String">
            <column name="P_REMARKS">
                <comment>备注</comment>
            </column>
        </property>
        <property name="PPower" type="java.lang.String">
            <column name="P_POWER">
                <comment>访问权限</comment>
            </column>
        </property>
    </class>
</hibernate-mapping>
