<?xml version="1.0" encoding="utf-8"?>
<!DOCTYPE hibernate-mapping PUBLIC "-//Hibernate/Hibernate Mapping DTD 3.0//EN"
"http://hibernate.sourceforge.net/hibernate-mapping-3.0.dtd">
<!-- 
    Mapping file autogenerated by MyEclipse Persistence Tools
-->
<hibernate-mapping>
    <class name="com.entity.ProjectInformation" table="project_information" catalog="zdh_pzgl">
        <id name="id" type="java.lang.String">
            <column name="ID" length="50" />
            <generator class="uuid"></generator>
        </id>
        <property name="PGroupResponsilble" type="java.lang.String">
            <column name="P_GROUP_RESPONSILBLE">
                <comment>团队负责人</comment>
            </column>
        </property>
        <property name="PGroupResponsilbleId" type="java.lang.String">
            <column name="P_GROUP_RESPONSILBLE_ID">
                <comment>团队负责人ID</comment>
            </column>
        </property>
        <property name="PGroupId" type="java.lang.String">
            <column name="P_GROUP_ID">
                <comment>项目组id</comment>
            </column>
        </property>
        <property name="PGroupNo" type="java.lang.String">
            <column name="P_GROUP_NO" not-null="true">
                <comment>项目组编号</comment>
            </column>
        </property>
        <property name="PName" type="java.lang.String">
            <column name="P_NAME">
                <comment>项目名称</comment>
            </column>
        </property>
        <property name="PResponsilble" type="java.lang.String">
            <column name="P_RESPONSILBLE">
                <comment>项目负责人</comment>
            </column>
        </property>
        <property name="PAscriptionPersonId" type="java.lang.String">
            <column name="P_ASCRIPTION__PERSON_ID">
                <comment>项目归属人id</comment>
            </column>
        </property>
        <property name="PState" type="java.lang.String">
            <column name="P_STATE">
                <comment>项目状态</comment>
            </column>
        </property>
        <property name="PPaymentType" type="java.lang.String">
            <column name="P_PAYMENT_TYPE">
                <comment>付款类型</comment>
            </column>
        </property>
        <property name="PPaymentNo" type="java.lang.String">
            <column name="P_PAYMENT__NO">
                <comment>支付码</comment>
            </column>
        </property>
        <property name="PRemarks" type="java.lang.String">
            <column name="P_REMARKS">
                <comment>备注</comment>
            </column>
        </property>
    </class>
</hibernate-mapping>
