<?xml version="1.0" encoding="utf-8"?>
<!DOCTYPE hibernate-mapping PUBLIC "-//Hibernate/Hibernate Mapping DTD 3.0//EN"
"http://hibernate.sourceforge.net/hibernate-mapping-3.0.dtd">
<!-- 
    Mapping file autogenerated by MyEclipse Persistence Tools
-->
<hibernate-mapping>
    <class name="com.entity.ProjectInfo" table="project_info" catalog="zdh_pzgl">
        <id name="id" type="java.lang.String">
            <column name="id" length="50" />
            <generator class="uuid"></generator>
        </id>
        <property name="groupName" type="java.lang.String">
            <column name="group_name" length="100">
                <comment>团队名称</comment>
            </column>
        </property>
        <property name="groupId" type="java.lang.String">
            <column name="group_id" length="50">
                <comment>团队ID</comment>
            </column>
        </property>
        <property name="groupHead" type="java.lang.String">
            <column name="group_head" length="100">
                <comment>团队负责人</comment>
            </column>
        </property>
        <property name="groupHeadId" type="java.lang.String">
            <column name="group_head_id" length="50">
                <comment>团队负责人ID</comment>
            </column>
        </property>
        <property name="projectNo" type="java.lang.String">
            <column name="project_no" length="100">
                <comment>项目编号</comment>
            </column>
        </property>
        <property name="projectName" type="java.lang.String">
            <column name="project_name" length="200">
                <comment>项目名称</comment>
            </column>
        </property>
        <property name="projectHead" type="java.lang.String">
            <column name="project_head" length="100">
                <comment>项目负责人</comment>
            </column>
        </property>
        <property name="projectHeadId" type="java.lang.String">
            <column name="project_head_id" length="50">
                <comment>项目负责人ID</comment>
            </column>
        </property>
        <property name="projectStatus" type="java.lang.String">
            <column name="project_status" length="50">
                <comment>项目状态</comment>
            </column>
        </property>
        <property name="accountType" type="java.lang.String">
            <column name="account_type" length="50">
                <comment>付款类型</comment>
            </column>
        </property>
        <property name="payCode" type="java.lang.String">
            <column name="pay_code" length="100">
                <comment>支付码</comment>
            </column>
        </property>
        <property name="createName" type="java.lang.String">
            <column name="create_name" length="50">
                <comment>创建人名称</comment>
            </column>
        </property>
        <property name="createBy" type="java.lang.String">
            <column name="create_by" length="50">
                <comment>创建人登录名称</comment>
            </column>
        </property>
        <!-- <property name="createDate" type="java.sql.Timestamp">
            <column name="create_date" length="19">
                <comment>创建日期</comment>
            </column>
        </property> -->
        <property name="createDate" type="java.lang.String">
            <column name="create_date">
                <comment>创建日期</comment>
            </column>
        </property>
        <property name="updateName" type="java.lang.String">
            <column name="update_name" length="50">
                <comment>更新人名称</comment>
            </column>
        </property>
        <property name="updateBy" type="java.lang.String">
            <column name="update_by" length="50">
                <comment>更新人登录名称</comment>
            </column>
        </property>
        <!-- <property name="updateDate" type="java.sql.Timestamp">
            <column name="update_date" length="19">
                <comment>更新日期</comment>
            </column>
        </property> -->
        <property name="updateDate" type="java.lang.String">
            <column name="update_date">
                <comment>更新日期</comment>
            </column>
        </property>
        <property name="sysOrgCode" type="java.lang.String">
            <column name="sys_org_code" length="50">
                <comment>所属部门</comment>
            </column>
        </property>
        <property name="sysCompanyCode" type="java.lang.String">
            <column name="sys_company_code" length="50">
                <comment>所属公司</comment>
            </column>
        </property>
        <property name="groupOrgCode" type="java.lang.String">
            <column name="group_org_code" length="50">
                <comment>团队组织编码</comment>
            </column>
        </property>
    </class>
</hibernate-mapping>
