<?xml version="1.0" encoding="utf-8"?>
<!DOCTYPE hibernate-mapping PUBLIC "-//Hibernate/Hibernate Mapping DTD 3.0//EN"
"http://hibernate.sourceforge.net/hibernate-mapping-3.0.dtd">
<!-- 
    Mapping file autogenerated by MyEclipse Persistence Tools
-->
<hibernate-mapping>
    <class name="com.entity.RecordingVoucher" table="recording_voucher" catalog="zdh_pzgl">
       <id name="id" type="java.lang.String">
            <column name="ID" length="50" />
            <generator class="uuid"></generator>
        </id>
        <property name="createTime" type="java.lang.String">
            <column name="CREATE_TIME">
                <comment>创建时间</comment>
            </column>
        </property>
        <property name="voucherNo" type="java.lang.String">
            <column name="VOUCHER_NO">
                <comment>凭证编号</comment>
            </column>
        </property>
        <property name="jfAccount" type="java.lang.String">
            <column name="JF_ACCOUNT">
                <comment>借方金额</comment>
            </column>
        </property>
        <property name="dfAccount" type="java.lang.String">
            <column name="DF_ACCOUNT">
                <comment>贷方金额</comment>
            </column>
        </property>
        <property name="flag" type="java.lang.String">
            <column name="FLAG">
                <comment>数据状态</comment>
            </column>
        </property>
        
    </class>
</hibernate-mapping>
