<?xml version="1.0" encoding="utf-8"?>
<!DOCTYPE hibernate-mapping PUBLIC "-//Hibernate/Hibernate Mapping DTD 3.0//EN"
"http://hibernate.sourceforge.net/hibernate-mapping-3.0.dtd">
<!-- 
    Mapping file autogenerated by MyEclipse Persistence Tools
-->
<hibernate-mapping>
    <class name="com.entity.SubjectItem" table="subject_item" catalog="zdh_pzgl">
        <id name="id" type="java.lang.String">
            <column name="ID" length="50" />
            <generator class="uuid"></generator>
        </id>
        <property name="SSerial" type="java.lang.Integer">
            <column name="S_SERIAL" not-null="true">
                <comment>序号</comment>
            </column>
        </property>
        <property name="SName" type="java.lang.String">
            <column name="S_NAME" length="20" not-null="true">
                <comment>名称</comment>
            </column>
        </property>
        <property name="SLevel" type="java.lang.String">
            <column name="S_LEVEL" length="100" not-null="true">
                <comment>级别</comment>
            </column>
        </property>
        <property name="SFlag" type="java.lang.String">
            <column name="S_FLAG" length="100" not-null="true">
                <comment>标注 1：旧制度 2：新制度</comment>
            </column>
        </property>
        <property name="SRemarks" type="java.lang.String">
            <column name="S_REMARKS" length="200">
                <comment>备注</comment>
            </column>
        </property>
    </class>
</hibernate-mapping>