<?xml version="1.0" encoding="utf-8"?>
<!DOCTYPE hibernate-mapping PUBLIC "-//Hibernate/Hibernate Mapping DTD 3.0//EN"
"http://hibernate.sourceforge.net/hibernate-mapping-3.0.dtd">
<!-- 
    Mapping file autogenerated by MyEclipse Persistence Tools
-->
<hibernate-mapping>
    <class name="com.entity.SubjectDetails" table="subject_details" catalog="zdh_pzgl">
        <id name="id" type="java.lang.String">
            <column name="id" />
            <generator class="uuid"></generator>
        </id>
        <property name="vId" type="java.lang.String">
            <column name="vId">
                <comment>凭证编号</comment>
            </column>
        </property>
        <property name="oneSubjectName" type="java.lang.String">
            <column name="one_subject_name">
                <comment>一级科目名称</comment>
            </column>
        </property>
        <property name="sixSubjectName" type="java.lang.String">
            <column name="six_subject_name">
                <comment>六级科目名称</comment>
            </column>
        </property>
        <property name="debitAmount" type="java.lang.String">
            <column name="debit_amount">
                <comment>借方金额</comment>
            </column>
        </property>
        <property name="creditAmount" type="java.lang.String">
            <column name="credit_amount">
                <comment>贷方金额</comment>
            </column>
        </property>
        <property name="abstract_" type="java.lang.String">
            <column name="abstract">
                <comment>摘要</comment>
            </column>
        </property>
        <property name="singleMan" type="java.lang.String">
            <column name="single_man">
                <comment>制单人</comment>
            </column>
        </property>
        <property name="brokerageMan" type="java.lang.String">
            <column name="brokerage_man">
                <comment>经手人</comment>
            </column>
        </property>
        <property name="topicNo" type="java.lang.String">
            <column name="topic_no">
                <comment>课题段编码</comment>
            </column>
        </property>
        <property name="topicName" type="java.lang.String">
            <column name="topic_name">
                <comment>课题段名称</comment>
            </column>
        </property>
        <property name="periodName" type="java.lang.String">
            <column name="period_name">
                <comment>期间名称</comment>
            </column>
        </property>
    </class>
</hibernate-mapping>
