<?xml version="1.0" encoding="utf-8"?>
<!DOCTYPE hibernate-mapping PUBLIC "-//Hibernate/Hibernate Mapping DTD 3.0//EN"
"http://hibernate.sourceforge.net/hibernate-mapping-3.0.dtd">
<!-- 
    Mapping file autogenerated by MyEclipse Persistence Tools
-->
<hibernate-mapping>
    <class name="com.entity.SurplusReport" table="surplus_report" catalog="zdh_pzgl">
        <id name="id" type="java.lang.String">
            <column name="ID" />
            <generator class="uuid"></generator>
        </id>
        <property name="czbkjzjyData" type="java.lang.String">
            <column name="CZBKJZJY_DATA">
                <comment>财政拨款结转结余</comment>
            </column>
        </property>
        <property name="qtzjjzjyData" type="java.lang.String">
            <column name="QTZJJZJY_DATA">
                <comment>其他资金结转结余</comment>
            </column>
        </property>
        <property name="ncyeczbkjzjyData" type="java.lang.String">
            <column name="NCYECZBKJZJY_DATA">
                <comment>年初余额--财政拨款结转结余</comment>
            </column>
        </property>
        <property name="ncyeqtzjjzjyData" type="java.lang.String">
            <column name="NCYEQTZJJZJY_DATA">
                <comment>年初余额--其他资金结转结余</comment>
            </column>
        </property>
        <property name="fbnszceData" type="java.lang.String">
            <column name="FBNSZCE_DATA">
                <comment>本年收支差额</comment>
            </column>
        </property>
        
        <property name="fgjdrData" type="java.lang.String">
            <column name="FGJDR_DATA">
                <comment>归集调入</comment>
            </column>
        </property>
        <property name="fgjsjData" type="java.lang.String">
            <column name="FGJSJ_DATA">
                <comment>归集上缴或调出</comment>
            </column>
        </property>
        <property name="fczbkjzData" type="java.lang.String">
            <column name="FCZBKJZ_DATA">
                <comment>本年收支差额</comment>
            </column>
        </property>
        <property name="jhzjData" type="java.lang.String">
            <column name="JHZJ_DATA">
                <comment>缴回资金</comment>
            </column>
        </property>
        <property name="syzyjyData" type="java.lang.String">
            <column name="SYZYJY_DATA">
                <comment>使用专用结余</comment>
            </column>
        </property>
        <property name="zfsdsData" type="java.lang.String">
            <column name="ZFSDS_DATA">
                <comment>支付所得税</comment>
            </column>
        </property>
        <property name="czbkjzData" type="java.lang.String">
            <column name="CZBKJZ_DATA">
                <comment>财政拨款结转</comment>
            </column>
        </property>
        <property name="czbkjyData" type="java.lang.String">
            <column name="CZBKJY_DATA">
                <comment>财政拨款结余</comment>
            </column>
        </property>
        <property name="fczbkData" type="java.lang.String">
            <column name="FCZBK_DATA">
                <comment>非财政拨款结转</comment>
            </column>
        </property>
        <property name="fczbkjyData" type="java.lang.String">
            <column name="FCZBKJY_DATA">
                <comment>非财政拨款结余</comment>
            </column>
        </property>
        <property name="zyjyData" type="java.lang.String">
            <column name="ZYJY_DATA">
                <comment>专用结余</comment>
            </column>
        </property>
        <property name="tjyjyData" type="java.lang.String">
            <column name="TJYJY_DATA">
                <comment>经营结余</comment>
            </column>
        </property>
        <property name="createTime" type="java.lang.String">
            <column name="CREATE_TIME">
                <comment>时间</comment>
            </column>
        </property>
    </class>
</hibernate-mapping>
