<?xml version="1.0" encoding="utf-8"?>
<!DOCTYPE hibernate-mapping PUBLIC "-//Hibernate/Hibernate Mapping DTD 3.0//EN"
"http://hibernate.sourceforge.net/hibernate-mapping-3.0.dtd">
<!-- Mapping file autogenerated by MyEclipse Persistence Tools -->
<hibernate-mapping>
	<class name="com.entity.Topic" table="topic" catalog="zdh_pzgl">
		<id name="id" type="java.lang.String">
			<column name="ID" length="50" />
			<generator class="uuid"></generator>
		</id>
		<property name="tNo" type="java.lang.String">
			<column name="t_no" not-null="true">
				<comment>子课题号</comment>
			</column>
		</property>

		<property name="tResponsible" type="java.lang.String">
			<column name="t_responsible" length="20" not-null="true">
				<comment>子课题负责人</comment>
			</column>
		</property>
		<property name="tName" type="java.lang.String">
			<column name="t_name" length="100" not-null="true">
				<comment>课题全称</comment>
			</column>
		</property>
		<property name="tState" type="java.lang.String">
			<column name="t_state" length="100" not-null="true">
				<comment>课题状态</comment>
			</column>
		</property>
		<property name="tChildName" type="java.lang.String">
			<column name="t_child_name" length="200">
				<comment>子课题全称</comment>
			</column>
		</property>

		<property name="tCreateTime" type="java.lang.String">
			<column name="t_create_time" length="200">
				<comment>创建日期</comment>
			</column>
		</property>

		<property name="tOpeningTime" type="java.lang.String">
			<column name="t_opening_time" length="200">
				<comment>开题日期</comment>
			</column>
		</property>

		<property name="tConcludingTime" type="java.lang.String">
			<column name="t_concluding_time" length="200">
				<comment>结题日期</comment>
			</column>
		</property>

		<property name="tOrganization" type="java.lang.String">
			<column name="t_organization" length="200">
				<comment>所属组织</comment>
			</column>
		</property>
		<property name="tFundsSources" type="java.lang.String">
			<column name="t_funds_sources" length="200">
				<comment>经费来源</comment>
			</column>
		</property>
		<property name="tStartTime" type="java.lang.String">
			<column name="t_start_time" length="200">
				<comment> 实际开始日期</comment>
			</column>
		</property>
		<property name="tEndTime" type="java.lang.String">
			<column name="t_end_time" length="200">
				<comment>实际完成项目日期</comment>
			</column>
		</property>
		<property name="tProjectBudget" type="java.lang.String">
			<column name="t_project_budget" length="200">
				<comment>项目预算金额</comment>
			</column>
		</property>
		<property name="tStayFunds" type="java.lang.String">
			<column name="t_stay_funds" length="200">
				<comment>项目留所经费</comment>
			</column>
		</property>
		<property name="tCategoryType" type="java.lang.String">
			<column name="t_category_type" length="200">
				<comment>资助类别</comment>
			</column>
		</property>
		<property name="tSubClass" type="java.lang.String">
			<column name="t_sub_class" length="200">
				<comment>亚类说明</comment>
			</column>
		</property>
		<property name="tType" type="java.lang.String">
			<column name="t_type" length="200">
				<comment>课题类型</comment>
			</column>
		</property>
	</class>
</hibernate-mapping>