<?xml version="1.0" encoding="utf-8"?>
<!DOCTYPE hibernate-mapping PUBLIC "-//Hibernate/Hibernate Mapping DTD 3.0//EN"
"http://hibernate.sourceforge.net/hibernate-mapping-3.0.dtd">
<!-- 
    Mapping file autogenerated by MyEclipse Persistence Tools
-->
<hibernate-mapping>
    <class name="com.entity.UserRoles" table="user_roles" catalog="zdh_pzgl">
        <id name="id" type="java.lang.String">
            <column name="ID" />
            <generator class="uuid"></generator>
        </id>
        <property name="userId" type="java.lang.String">
            <column name="USER_ID">
                <comment>用户id</comment>
            </column>
        </property>
        <property name="authorityId" type="java.lang.String">
            <column name="AUTHORITY_ID">
                <comment>权限id</comment>
            </column>
        </property>
        <property name="roleName" type="java.lang.String">
            <column name="ROLE_NAME">
                <comment>角色名称</comment>
            </column>
        </property>
        <property name="flag" type="java.lang.String">
            <column name="FLAG">
                <comment>状态</comment>
            </column>
        </property>
        <property name="createTime" type="java.lang.String">
            <column name="CREATE_TIME">
                <comment>状态</comment>
            </column>
        </property>
    </class>
</hibernate-mapping>
