<?xml version="1.0" encoding="utf-8"?>
<!DOCTYPE hibernate-mapping PUBLIC "-//Hibernate/Hibernate Mapping DTD 3.0//EN"
"http://hibernate.sourceforge.net/hibernate-mapping-3.0.dtd">
<!-- 
    Mapping file autogenerated by MyEclipse Persistence Tools
-->
<hibernate-mapping>
    <class name="com.entity.UserToRoleUsers" table="user_to_userroles" catalog="zdh_pzgl">
        <id name="id" type="java.lang.String">
            <column name="ID" length="50" />
            <generator class="uuid"></generator>
        </id>
        <property name="userId" type="java.lang.String">
            <column name="USER_ID">
                <comment>用户id</comment>
            </column>
        </property>
        <property name="roleId" type="java.lang.String">
            <column name="ROLE_ID" unique="true">
                <comment>角色id</comment>
            </column>
        </property>
    </class>
</hibernate-mapping>
