<?xml version="1.0" encoding="utf-8"?>
<!DOCTYPE hibernate-mapping PUBLIC "-//Hibernate/Hibernate Mapping DTD 3.0//EN"
"http://hibernate.sourceforge.net/hibernate-mapping-3.0.dtd">
<!-- 
    Mapping file autogenerated by MyEclipse Persistence Tools
-->
<hibernate-mapping>
    <class name="com.entity.VoucherRuleBudget" table="voucher_rules_budget" catalog="zdh_pzgl">
        <id name="id" type="java.lang.Integer">
            <column name="id" />
        </id>
        <property name="BudgeFinId" type="java.lang.Integer">
            <column name="BUDGE_FIN_ID">
            </column>
        </property>
        <property name="BudgeFinName" type="java.lang.String">
            <column name="BUDGE_FIN_NAME">
            </column>
        </property>
    </class>
</hibernate-mapping>
