<?xml version="1.0" encoding="utf-8"?>
<!DOCTYPE hibernate-mapping PUBLIC "-//Hibernate/Hibernate Mapping DTD 3.0//EN"
"http://hibernate.sourceforge.net/hibernate-mapping-3.0.dtd">
<!-- 
    Mapping file autogenerated by MyEclipse Persistence Tools
-->
<hibernate-mapping>
    <class name="com.entity.VoucherRules" table="voucher_rules" catalog="zdh_pzgl">
        <id name="id" type="java.lang.String">
            <column name="id" />
            <generator class="uuid"></generator>
        </id>
        <property name="voldSubjectNo" type="java.lang.String">
            <column name="vOldSubjectNo">
                <comment>旧科目编号</comment>
            </column>
        </property>
        <property name="voldSubjectName" type="java.lang.String">
            <column name="vOldSubjectName">
                <comment>旧科目名称</comment>
            </column>
        </property>
        <property name="vfinancialNo" type="java.lang.String">
            <column name="vFinancialNo">
                <comment>新财务科目编号</comment>
            </column>
        </property>
        <property name="vfinancialName" type="java.lang.String">
            <column name="vFinancialName">
                <comment>新财务科目名称</comment>
            </column>
        </property>
        <property name="vbudgetaryNo" type="java.lang.String">
            <column name="vBudgetaryNo">
                <comment>新预算科目编号</comment>
            </column>
        </property>
        <property name="vbudgetaryName" type="java.lang.String">
            <column name="vBudgetaryName">
                <comment>新预算科目名称</comment>
            </column>
        </property>
        <property name="velementsType" type="java.lang.String">
            <column name="vElementsType">
                <comment>科目要素类型</comment>
            </column>
        </property>
        <property name="vremarks" type="java.lang.String">
            <column name="vRemarks">
                <comment>备注</comment>
            </column>
        </property>
    </class>
</hibernate-mapping>
