<?xml version="1.0" encoding="utf-8"?>
<!DOCTYPE hibernate-mapping PUBLIC "-//Hibernate/Hibernate Mapping DTD 3.0//EN"
"http://hibernate.sourceforge.net/hibernate-mapping-3.0.dtd">
<!-- 
    Mapping file autogenerated by MyEclipse Persistence Tools
-->
<hibernate-mapping>
    <class name="com.entity.VoucherRuleName" table="voucher_rules_name" catalog="zdh_pzgl">
        <id name="id" type="java.lang.Integer">
            <column name="id" />
        </id>
        <property name="FinBrrowName" type="java.lang.String">
            <column name="FIN_BRROW_NAME">
            </column>
        </property>
        <property name="FinLoanName" type="java.lang.String">
            <column name="FIN_LOAN_NAME">
            </column>
        </property>
        <property name="BudgeBrrowName" type="java.lang.String">
            <column name="BUDGE_BRROW_NAME">
            </column>
        </property>
        <property name="BudgeLoanName" type="java.lang.String">
            <column name="BUDGE_LOAN_NAME">
            </column>
        </property>
        <property name="BudgeBrrowNO" type="java.lang.String">
            <column name="BUDGE_BRROW_NO">
            </column>
        </property>
        <property name="BudgeLoanNO" type="java.lang.String">
            <column name="BUDGE_LOAN_NO">
            </column>
        </property>
    </class>
</hibernate-mapping>
