<?xml version="1.0" encoding="utf-8"?>
<!DOCTYPE hibernate-mapping PUBLIC "-//Hibernate/Hibernate Mapping DTD 3.0//EN"
"http://hibernate.sourceforge.net/hibernate-mapping-3.0.dtd">
<!-- 
    Mapping file autogenerated by MyEclipse Persistence Tools
-->
<hibernate-mapping>
    <class name="com.entity.VoucherInfo" table="voucher_info" catalog="zdh_pzgl">
       <id name="id" type="java.lang.String">
            <column name="ID" length="50" />
            <generator class="uuid"></generator>
        </id>
        <property name="vcwfzr" type="java.lang.String">
            <column name="V_CWFZR">
                <comment>财务负责人</comment>
            </column>
        </property>
        <property name="vcn" type="java.lang.String">
            <column name="V_CN">
                <comment>出纳</comment>
            </column>
        </property>
        <property name="vzhzh" type="java.lang.String">
            <column name="V_ZHZH">
                <comment>制证</comment>
            </column>
        </property>
        <property name="vjzh" type="java.lang.String">
            <column name="V_JZH">
                <comment>记账</comment>
            </column>
        </property>
        <property name="vfh" type="java.lang.String">
            <column name="V_FH">
                <comment>复核</comment>
            </column>
        </property>
    </class>
</hibernate-mapping>
