<?xml version="1.0" encoding="UTF-8"?>

<beans default-autowire="byName"
	xmlns="http://www.springframework.org/schema/beans" 
	xmlns:xsi="http://www.w3.org/2001/XMLSchema-instance"
	xmlns:p="http://www.springframework.org/schema/p"
	xsi:schemaLocation="http://www.springframework.org/schema/beans
	http://www.springframework.org/schema/beans/spring-beans-3.0.xsd">
	
	<!-- 通用方法 -->
	<bean class="com.service.impl.BaseServiceImpl" id="baseService">
		<property name="baseDao" ref="baseDao"></property>
	</bean>
	<!-- 通用方法 -->
	<bean class="com.service.impl.DocumentConversionServiceImpl" id="documentConversionService">
		<property name="documentConversionDao" ref="documentConversionDao"></property>
	</bean>
	
</beans>