<?xml version="1.0" encoding="UTF-8"?>

<beans default-autowire="byName"
	xmlns="http://www.springframework.org/schema/beans" 
	xmlns:xsi="http://www.w3.org/2001/XMLSchema-instance"
	xmlns:p="http://www.springframework.org/schema/p"
	xsi:schemaLocation="http://www.springframework.org/schema/beans
	http://www.springframework.org/schema/beans/spring-beans-3.0.xsd">
	
	<!-- 通用方法 -->
	<bean class="com.dao.impl.BaseDaoImpl" id="baseDao">
		<property name="sessionFactory" ref="sessionFactory"></property>
	</bean>
	
	<bean class="com.dao.impl.DocumentConversionDaoImpl" id="documentConversionDao">
		<property name="sessionFactory" ref="sessionFactory"></property>
	</bean>
	
</beans>